{"cameraMode":{"drawMode":0,"name":"Shaded","section":"Shading Mode"},"sceneLighting":true,"audioPlay":false,"sceneViewState":{"m_AlwaysRefresh":false,"showFog":true,"showSkybox":true,"showFlares":true,"showImageEffects":true,"showParticleSystems":true,"showVisualEffectGraphs":true,"m_FxEnabled":true},"in2DMode":false,"pivot":{"x":410.73883056640627,"y":10.400554656982422,"z":26.298141479492189},"rotation":{"x":-0.016263160854578019,"y":0.9314180016517639,"z":0.04194207489490509,"w":0.3611534833908081},"size":0.20079883933067323,"orthographic":false}